<?xml version="1.0" encoding="UTF-8"?>
<beans xmlns="http://www.springframework.org/schema/beans"
 xmlns:xsi="http://www.w3.org/2001/XMLSchema-instance"
 xsi:schemaLocation="http://www.springframework.org/schema/beans
   http://www.springframework.org/schema/beans/spring-beans-3.0.xsd">
  
  
  <bean id="stu1" class="org.dem.Spring1.Student">
  <property name="name" value="Vijay"></property>
  </bean>
  
  
  
  <bean id="emp" class="org.dem.Spring1.Employee">
  <property name="id" value="101"></property>
  <property name="name" value="Rohit"></property>
  </bean>
  
  
  </beans>